test 1,test 1,1,test 
test 2,test 2,2,test 
test 3,test 3,3,test 
test 4,test 4,4,test 
test 5,test 5,5,test 
test 6,test 6,6,test 
test 7,test 7,7,test 
test 8,test 8,8,test 
test 9,test 9,9,test 
test 10,test 10,10,test 
test 11,test 11,11,test 
test 12,test 12,12,test 
test 13,test 13,13,test 
test 14,test 14,14,test 
test 15,test 15,15,test 
test 16,test 16,16,test 
test 17,test 17,17,test 
test 18,test 18,18,test 
test 19,test 19,19,test 
test 20,test 20,20,test 
test 21,test 21,21,test 
test 22,test 22,22,test 
test 23,test 23,23,test 
test 24,test 24,24,test 
test 25,test 25,25,test 
test 26,test 26,26,test 
test 27,test 27,27,test 
test 28,test 28,28,test 
test 29,test 29,29,test 
test 30,test 30,30,test 
test 31,test 31,31,test 
test 32,test 32,32,test 
test 33,test 33,33,test 
test 34,test 34,34,test 
test 35,test 35,35,test 
test 36,test 36,36,test 
test 37,test 37,37,test 
test 38,test 38,38,test 
test 39,test 39,39,test 
test 40,test 40,40,test 
test 41,test 41,41,test 
test 42,test 42,42,test 
test 43,test 43,43,test 
test 44,test 44,44,test 
test 45,test 45,45,test 
test 46,test 46,46,test 
test 47,test 47,47,test 
test 48,test 48,48,test 
test 49,test 49,49,test 
test 50,test 50,50,test 
test 51,test 51,51,test 
test 52,test 52,52,test 
test 53,test 53,53,test 
test 54,test 54,54,test 
test 55,test 55,55,test 
test 56,test 56,56,test 
test 57,test 57,57,test 
test 58,test 58,58,test 
test 59,test 59,59,test 
test 60,test 60,60,test 
test 61,test 61,61,test 
test 62,test 62,62,test 
test 63,test 63,63,test 
test 64,test 64,64,test 
test 65,test 65,65,test 
test 66,test 66,66,test 
test 67,test 67,67,test 
test 68,test 68,68,test 
test 69,test 69,69,test 
test 70,test 70,70,test 
test 71,test 71,71,test 
test 72,test 72,72,test 
test 73,test 73,73,test 
test 74,test 74,74,test 
test 75,test 75,75,test 
test 76,test 76,76,test 
test 77,test 77,77,test 
test 78,test 78,78,test 
test 79,test 79,79,test 
test 80,test 80,80,test 
test 81,test 81,81,test 
test 82,test 82,82,test 
test 83,test 83,83,test 
test 84,test 84,84,test 
test 85,test 85,85,test 
test 86,test 86,86,test 
test 87,test 87,87,test 
test 88,test 88,88,test 
test 89,test 89,89,test 
test 90,test 90,90,test 
test 91,test 91,91,test 
test 92,test 92,92,test 
test 93,test 93,93,test 
test 94,test 94,94,test 
test 95,test 95,95,test 
test 96,test 96,96,test 
test 97,test 97,97,test 
test 98,test 98,98,test 
test 99,test 99,99,test 
test 100,test 100,100,test 